<?xml version="1.0"?>
<?mso-application progid="Excel.Sheet"?>
<Workbook xmlns="urn:schemas-microsoft-com:office:spreadsheet"
 xmlns:o="urn:schemas-microsoft-com:office:office"
 xmlns:x="urn:schemas-microsoft-com:office:excel"
 xmlns:ss="urn:schemas-microsoft-com:office:spreadsheet"
 xmlns:html="http://www.w3.org/TR/REC-html40">
 <DocumentProperties xmlns="urn:schemas-microsoft-com:office:office">
  <Author>Tiger Chen</Author>
  <LastAuthor>Tiger Chen</LastAuthor>
  <Created>2007-05-10T13:50:53Z</Created>
  <LastSaved>2007-05-11T11:01:57Z</LastSaved>
  <Company>番茄花园</Company>
  <Version>11.5606</Version>
 </DocumentProperties>
 <ExcelWorkbook xmlns="urn:schemas-microsoft-com:office:excel">
  <WindowHeight>8670</WindowHeight>
  <WindowWidth>11715</WindowWidth>
  <WindowTopX>240</WindowTopX>
  <WindowTopY>105</WindowTopY>
  <ProtectStructure>False</ProtectStructure>
  <ProtectWindows>False</ProtectWindows>
 </ExcelWorkbook>
 <Styles>
  <Style ss:ID="Default" ss:Name="Normal">
   <Alignment ss:Vertical="Center"/>
   <Borders/>
   <Font ss:FontName="宋体" x:CharSet="134" ss:Size="12"/>
   <Interior/>
   <NumberFormat/>
   <Protection/>
  </Style>
  <Style ss:ID="s21">
   <Borders>
    <Border ss:Position="Bottom" ss:LineStyle="Continuous" ss:Weight="1"/>
    <Border ss:Position="Left" ss:LineStyle="Continuous" ss:Weight="1"/>
    <Border ss:Position="Right" ss:LineStyle="Continuous" ss:Weight="1"/>
    <Border ss:Position="Top" ss:LineStyle="Continuous" ss:Weight="1"/>
   </Borders>
  </Style>
  <Style ss:ID="s22">
   <Borders>
    <Border ss:Position="Bottom" ss:LineStyle="Continuous" ss:Weight="1"/>
    <Border ss:Position="Left" ss:LineStyle="Continuous" ss:Weight="1"/>
    <Border ss:Position="Right" ss:LineStyle="Continuous" ss:Weight="1"/>
    <Border ss:Position="Top" ss:LineStyle="Continuous" ss:Weight="1"/>
   </Borders>
   <Interior ss:Color="#FFFF00" ss:Pattern="Solid"/>
  </Style>
  <Style ss:ID="s23">
   <Borders>
    <Border ss:Position="Bottom" ss:LineStyle="Continuous" ss:Weight="1"/>
    <Border ss:Position="Left" ss:LineStyle="Continuous" ss:Weight="1"/>
    <Border ss:Position="Right" ss:LineStyle="Continuous" ss:Weight="1"/>
    <Border ss:Position="Top" ss:LineStyle="Continuous" ss:Weight="1"/>
   </Borders>
   <Font ss:FontName="宋体" x:CharSet="134" ss:Size="12" ss:Color="#0000FF"
    ss:Bold="1"/>
  </Style>
 </Styles>
 <Worksheet ss:Name="Sheet1">
  <Table ss:ExpandedColumnCount="2" ss:ExpandedRowCount="27" x:FullColumns="1"
   x:FullRows="1" ss:DefaultColumnWidth="54" ss:DefaultRowHeight="14.25">
   <Column ss:AutoFitWidth="0" ss:Width="188.25"/>
   <Row ss:AutoFitHeight="0" ss:Height="22.5">
    <Cell ss:StyleID="s23"><Data ss:Type="String">Excelhome论坛各大版块日发帖量分析</Data></Cell>
    <Cell ss:StyleID="s21"/>
   </Row>
   <Row>
    <Cell ss:StyleID="s21"/>
    <Cell ss:StyleID="s21"/>
   </Row>
   <Row>
    <Cell ss:StyleID="s22"><Data ss:Type="String">版块名称</Data></Cell>
    <Cell ss:StyleID="s22"><Data ss:Type="String">日发帖量（2007年5月10日）</Data></Cell>
   </Row>
   <Row>
    <Cell ss:StyleID="s21"><Data ss:Type="String">《Excel实战技巧精粹》读者论坛</Data></Cell>
    <Cell ss:StyleID="s21"><Data ss:Type="Number">29</Data></Cell>
   </Row>
   <Row>
    <Cell ss:StyleID="s21"><Data ss:Type="String">Office图书品评</Data></Cell>
    <Cell ss:StyleID="s21"><Data ss:Type="Number">8</Data></Cell>
   </Row>
   <Row>
    <Cell ss:StyleID="s21"><Data ss:Type="String">Excel基础应用</Data></Cell>
    <Cell ss:StyleID="s21"><Data ss:Type="Number">283</Data></Cell>
   </Row>
   <Row>
    <Cell ss:StyleID="s21"><Data ss:Type="String">Excel VBA程序开发</Data></Cell>
    <Cell ss:StyleID="s21"><Data ss:Type="Number">407</Data></Cell>
   </Row>
   <Row>
    <Cell ss:StyleID="s21"><Data ss:Type="String">Excel函数与公式</Data></Cell>
    <Cell ss:StyleID="s21"><Data ss:Type="Number">458</Data></Cell>
   </Row>
   <Row>
    <Cell ss:StyleID="s21"><Data ss:Type="String">Excel图表与图形</Data></Cell>
    <Cell ss:StyleID="s21"><Data ss:Type="Number">49</Data></Cell>
   </Row>
   <Row>
    <Cell ss:StyleID="s21"><Data ss:Type="String">Excel服务器</Data></Cell>
    <Cell ss:StyleID="s21"><Data ss:Type="Number">1</Data></Cell>
   </Row>
   <Row>
    <Cell ss:StyleID="s21"><Data ss:Type="String">Excel2007讨论区</Data></Cell>
    <Cell ss:StyleID="s21"><Data ss:Type="Number">0</Data></Cell>
   </Row>
   <Row>
    <Cell ss:StyleID="s21"><Data ss:Type="String">Office 2007讨论区</Data></Cell>
    <Cell ss:StyleID="s21"><Data ss:Type="Number">23</Data></Cell>
   </Row>
   <Row>
    <Cell ss:StyleID="s21"><Data ss:Type="String">MS Office Outlook</Data></Cell>
    <Cell ss:StyleID="s21"><Data ss:Type="Number">3</Data></Cell>
   </Row>
   <Row>
    <Cell ss:StyleID="s21"><Data ss:Type="String">MS Office Word</Data></Cell>
    <Cell ss:StyleID="s21"><Data ss:Type="Number">57</Data></Cell>
   </Row>
   <Row>
    <Cell ss:StyleID="s21"><Data ss:Type="String">MS Office PowerPoint</Data></Cell>
    <Cell ss:StyleID="s21"><Data ss:Type="Number">19</Data></Cell>
   </Row>
   <Row>
    <Cell ss:StyleID="s21"><Data ss:Type="String">Access &amp; SQL Server</Data></Cell>
    <Cell ss:StyleID="s21"><Data ss:Type="Number">9</Data></Cell>
   </Row>
   <Row>
    <Cell ss:StyleID="s21"><Data ss:Type="String">其它Office产品</Data></Cell>
    <Cell ss:StyleID="s21"><Data ss:Type="Number">1</Data></Cell>
   </Row>
   <Row>
    <Cell ss:StyleID="s21"><Data ss:Type="String">财会与金融</Data></Cell>
    <Cell ss:StyleID="s21"><Data ss:Type="Number">32</Data></Cell>
   </Row>
   <Row>
    <Cell ss:StyleID="s21"><Data ss:Type="String">人力资源管理</Data></Cell>
    <Cell ss:StyleID="s21"><Data ss:Type="Number">3</Data></Cell>
   </Row>
   <Row>
    <Cell ss:StyleID="s21"><Data ss:Type="String">资源共享</Data></Cell>
    <Cell ss:StyleID="s21"><Data ss:Type="Number">46</Data></Cell>
   </Row>
   <Row>
    <Cell ss:StyleID="s21"><Data ss:Type="String">原创发表</Data></Cell>
    <Cell ss:StyleID="s21"><Data ss:Type="Number">11</Data></Cell>
   </Row>
   <Row>
    <Cell ss:StyleID="s21"><Data ss:Type="String">正式竞赛专区</Data></Cell>
    <Cell ss:StyleID="s21"><Data ss:Type="Number">0</Data></Cell>
   </Row>
   <Row>
    <Cell ss:StyleID="s21"><Data ss:Type="String">开放式竞赛专区</Data></Cell>
    <Cell ss:StyleID="s21"><Data ss:Type="Number">1</Data></Cell>
   </Row>
   <Row>
    <Cell ss:StyleID="s21"><Data ss:Type="String">竞赛题目征集专区</Data></Cell>
    <Cell ss:StyleID="s21"><Data ss:Type="Number">0</Data></Cell>
   </Row>
   <Row>
    <Cell ss:StyleID="s21"><Data ss:Type="String">电脑网络</Data></Cell>
    <Cell ss:StyleID="s21"><Data ss:Type="Number">5</Data></Cell>
   </Row>
   <Row>
    <Cell ss:StyleID="s21"><Data ss:Type="String">休闲吧</Data></Cell>
    <Cell ss:StyleID="s21"><Data ss:Type="Number">9</Data></Cell>
   </Row>
   <Row>
    <Cell ss:StyleID="s21"><Data ss:Type="String">会员广场</Data></Cell>
    <Cell ss:StyleID="s21"><Data ss:Type="Number">11</Data></Cell>
   </Row>
  </Table>
  <WorksheetOptions xmlns="urn:schemas-microsoft-com:office:excel">
   <Print>
    <ValidPrinterInfo/>
    <PaperSizeIndex>9</PaperSizeIndex>
    <HorizontalResolution>300</HorizontalResolution>
    <VerticalResolution>300</VerticalResolution>
   </Print>
   <Selected/>
   <Panes>
    <Pane>
     <Number>3</Number>
     <ActiveRow>3</ActiveRow>
     <ActiveCol>5</ActiveCol>
    </Pane>
   </Panes>
   <ProtectObjects>False</ProtectObjects>
   <ProtectScenarios>False</ProtectScenarios>
  </WorksheetOptions>
 </Worksheet>
 <Worksheet ss:Name="Sheet2">
  <Table ss:ExpandedColumnCount="0" ss:ExpandedRowCount="0" x:FullColumns="1"
   x:FullRows="1" ss:DefaultColumnWidth="54" ss:DefaultRowHeight="14.25"/>
  <WorksheetOptions xmlns="urn:schemas-microsoft-com:office:excel">
   <ProtectObjects>False</ProtectObjects>
   <ProtectScenarios>False</ProtectScenarios>
  </WorksheetOptions>
 </Worksheet>
 <Worksheet ss:Name="Sheet3">
  <Table ss:ExpandedColumnCount="0" ss:ExpandedRowCount="0" x:FullColumns="1"
   x:FullRows="1" ss:DefaultColumnWidth="54" ss:DefaultRowHeight="14.25"/>
  <WorksheetOptions xmlns="urn:schemas-microsoft-com:office:excel">
   <ProtectObjects>False</ProtectObjects>
   <ProtectScenarios>False</ProtectScenarios>
  </WorksheetOptions>
 </Worksheet>
</Workbook>
