<?xml version="1.0" encoding="UTF-8" standalone="yes"?>
<?xml-stylesheet type="text/xsl" href="Courses.xsl"?>
<Courses xmlns:xsi="http://www.w3.org/2001/XMLSchema-instance">
	<Course ID="VBA1EX">
		<Title>Beginning VBA in Excel</Title>
		<Startdate>2/3/2003</Startdate>
		<Sessions>6</Sessions>
	</Course>
	<Course ID="VBA2EX">
		<Title>Intermediate VBA in Excel</Title>
		<Startdate>4/3/2003</Startdate>
		<Sessions>8</Sessions>
	</Course>
	<Course ID="VBA3EX">
		<Title>Advanced VBA in Excel</Title>
		<Startdate>6/3/2003</Startdate>
		<Sessions>12</Sessions>
	</Course>
</Courses>